AveCarelessness,AveKnow,AveCorrect.x,AveResBored,AveResEngcon,AveResConf,AveResFrust,AveResOfftask,AveResGaming,NumActions,isSTEM
0.158848225,0.2551641,0.379657603,0.222795806,0.650079058,0.069987405,0.164347459,0.153146586,0.236799637,993,0
0.094195371,0.191948307,0.413249211,0.261455246,0.638636026,0.063971248,0.129858195,0.234331233,0.045096384,317,0
0.111159403,0.250838364,0.5,0.273188488,0.646944495,0.104601634,0.131631829,0.230005112,0.040233379,406,0
0.126401241,0.229988259,0.445407279,0.242690549,0.658863123,0.11235571,0.132229992,0.185330182,0.077827163,577,0
0.093224036,0.146352073,0.309661437,0.211405366,0.655710893,0.079307519,0.102919704,0.126860415,0.245489485,1211,0
0.089865373,0.150901156,0.327910959,0.221344054,0.658255944,0.101942282,0.112645191,0.137648703,0.173189271,1168,0
0.06911221,0.116830269,0.29109063,0.199463905,0.664513142,0.084895379,0.133487635,0.113942855,0.34492697,1302,0
0.044333818,0.08263669,0.20441989,0.197507964,0.686581079,0.029041796,0.127445198,0.132935205,0.423624681,724,0
0.069040948,0.109228933,0.293759513,0.19551639,0.68763229,0.089650886,0.12416391,0.112046335,0.348984254,1314,0
0.074881376,0.133110071,0.317147193,0.23021498,0.670286534,0.099246563,0.116013729,0.184888129,0.290471083,659,0
0.169664472,0.297971702,0.438938053,0.241800569,0.640110033,0.146503288,0.181725542,0.176985023,0.093635129,565,0
0.110482946,0.190228621,0.320954907,0.20240968,0.671484179,0.068526429,0.115887104,0.120193884,0.304868907,754,0
0.059882402,0.124838161,0.25594564,0.199612449,0.64029796,0.041017035,0.177366914,0.126429499,0.411619009,883,0
0.209695695,0.343990855,0.483568075,0.228066808,0.665455464,0.142619785,0.148875241,0.16289193,0.064983433,852,0
0.136739483,0.214899781,0.385779123,0.251739946,0.646650791,0.104086652,0.201503902,0.178139475,0.072044808,661,0
0.075705446,0.110542184,0.289261745,0.200605855,0.686994739,0.103558891,0.166431771,0.115070713,0.278564845,1490,0
0.096086109,0.164541237,0.31596829,0.207023279,0.680437788,0.06845693,0.130189523,0.121759236,0.319915868,1766,0
0.075872366,0.124884503,0.2875,0.200606112,0.678982634,0.04182862,0.137934535,0.121386299,0.433287583,640,0
0.133940073,0.196622041,0.316353887,0.229503822,0.660983513,0.093955249,0.121002309,0.275007927,0.254896538,1119,0
0.091722262,0.149705943,0.341341341,0.202972457,0.707411607,0.066425355,0.197725941,0.11956961,0.322250853,999,0
0.05596417,0.094408972,0.294676806,0.213177705,0.683590946,0.07730193,0.129209312,0.122399938,0.29872967,1052,0
0.062205626,0.102428329,0.304347826,0.205796719,0.689715557,0.080709969,0.13107273,0.13518206,0.351308882,506,1
0.062205626,0.102428329,0.304347826,0.205796719,0.689715557,0.080709969,0.13107273,0.13518206,0.351308882,506,1
0.157877755,0.313214822,0.429657795,0.197952315,0.706526762,0.059644799,0.129002013,0.12094751,0.360242028,1315,1
0.157877755,0.313214822,0.429657795,0.197952315,0.706526762,0.059644799,0.129002013,0.12094751,0.360242028,1315,1
0.082697249,0.129911256,0.30794702,0.253901225,0.647996408,0.133010188,0.069917744,0.196558228,0.146092016,302,1
0.082697249,0.129911256,0.30794702,0.253901225,0.647996408,0.133010188,0.069917744,0.196558228,0.146092016,302,1
0.128230382,0.20745862,0.396396396,0.244072949,0.657117293,0.104299322,0.110147224,0.2041435,0.082208802,555,0
0.096085219,0.136628524,0.279600571,0.193185682,0.69353817,0.068272519,0.140583809,0.109916886,0.486377925,701,0
0.184093983,0.319485209,0.39070568,0.235329964,0.619101229,0.138739386,0.114089346,0.173987016,0.141711624,581,0
0.087722184,0.1778283,0.423076923,0.290882046,0.620886869,0.106159034,0.121847692,0.281970439,0.044297706,286,0
0.166378481,0.275501887,0.428918591,0.212324335,0.685579273,0.057943844,0.114319991,0.150052486,0.225155974,823,1
0.189133371,0.32161356,0.434782609,0.246571724,0.625531408,0.160815669,0.151112482,0.168412223,0.059339937,575,0
0.180017828,0.330131328,0.452830189,0.257895674,0.654115175,0.128057934,0.119237962,0.185329681,0.030211295,636,0
0.082462968,0.133362257,0.284077892,0.217874162,0.673233801,0.107083473,0.177565961,0.140790548,0.280207589,873,0
0.152110345,0.288040501,0.425101215,0.211287164,0.661305132,0.072752827,0.115858922,0.141807733,0.220017093,741,0
0.056113681,0.136111216,0.333333333,0.382655799,0.457365462,0.121246921,0.125843333,0.647863144,0.015678613,12,0
0.062484161,0.096756566,0.280730005,0.19241933,0.70823275,0.080422432,0.117058718,0.110961325,0.42696313,1863,0
0.087072998,0.14086847,0.290849673,0.258451235,0.595325934,0.100905384,0.154155984,0.213625638,0.151815666,306,0
0.292487538,0.541741775,0.584437086,0.247345636,0.653419723,0.112176983,0.133386603,0.207356502,0.031581679,604,1
0.139911596,0.214952256,0.390909091,0.235609846,0.676344067,0.109651835,0.099366558,0.156072834,0.081461634,770,0
0.044296495,0.071759574,0.260750229,0.205425439,0.676696139,0.050227862,0.139754623,0.124006175,0.396133779,1093,0
0.253981032,0.449094258,0.502570694,0.231418483,0.669905706,0.086896439,0.090044187,0.169086832,0.078853754,778,0
0.10722113,0.167598349,0.357027464,0.207426122,0.676588079,0.072089713,0.11319437,0.135459062,0.225042153,619,0
0.179799496,0.335237936,0.530014641,0.231103002,0.660899013,0.098451073,0.1167625,0.17092867,0.13620078,683,1
0.065255076,0.12500611,0.356269113,0.244759088,0.657211584,0.069398759,0.117427321,0.164433772,0.156137325,654,0
0.063054045,0.110054926,0.363636364,0.287514646,0.605511208,0.207109399,0.161529326,0.312331805,0.056564157,121,0
0.203288349,0.354945481,0.479642502,0.217399282,0.677499129,0.096979784,0.123944661,0.158423561,0.174989427,1007,1
0.152885335,0.247002548,0.340388007,0.243273446,0.615577046,0.098788812,0.116672043,0.1821875,0.114997678,567,0
0.114686102,0.19761935,0.383206107,0.244458289,0.651709114,0.151945181,0.188853082,0.192715679,0.110680501,655,0
0.098516592,0.151428892,0.32038835,0.263398688,0.642186124,0.144448747,0.124425522,0.197527375,0.072537171,412,0
0.101803927,0.164151766,0.3640625,0.227388827,0.64564464,0.109978329,0.163527501,0.156991472,0.203310996,640,0
0.147194611,0.328899319,0.520689655,0.227866665,0.681130438,0.052113214,0.125210275,0.187489362,0.127460778,290,0
0.095439085,0.193559879,0.390428212,0.21752328,0.660554159,0.07797678,0.143453832,0.172487678,0.137842812,397,0
0.283301168,0.529624192,0.617511521,0.25491765,0.648819039,0.098305873,0.122034319,0.224249871,0.017072878,434,1
0.283301168,0.529624192,0.617511521,0.25491765,0.648819039,0.098305873,0.122034319,0.224249871,0.017072878,434,1
0.090757451,0.143330729,0.303703704,0.221987155,0.676509521,0.107929682,0.120338117,0.150340504,0.225076701,1215,0
0.219577683,0.377018615,0.542929293,0.250346623,0.671238526,0.137162666,0.191950789,0.225394557,0.019769877,396,1
0.083654993,0.137005166,0.294117647,0.279370524,0.599231051,0.141137871,0.096214031,0.20968577,0.038389043,493,0
0.072011604,0.110321815,0.284475282,0.214576734,0.661790785,0.085831697,0.118256642,0.139926744,0.269225637,1153,0
0.150126865,0.216193766,0.322677323,0.238094618,0.655263117,0.091952928,0.147370523,0.220621565,0.191231519,1001,1
0.221145881,0.457252905,0.6144,0.240478785,0.677307028,0.103299526,0.136292693,0.179648507,0.021136261,625,0
0.083644889,0.124813947,0.272638754,0.202372739,0.665848736,0.065805894,0.114939565,0.109148687,0.368428981,1027,0
0.099733995,0.185137588,0.438492063,0.277149083,0.644744405,0.098078229,0.162770504,0.213377961,0.005554028,504,1
0.069297361,0.14203118,0.348837209,0.330226231,0.551366771,0.122657966,0.095420442,0.348089701,0.036900055,129,0
0.202787469,0.459813486,0.686390533,0.260426191,0.650768677,0.059971193,0.06183416,0.296286221,0.010953873,169,0
0.046183228,0.071909241,0.305785124,0.326383714,0.653444643,0.125324702,0.094714277,0.45146704,0.016241102,121,0
0.184292185,0.333401908,0.575250836,0.262823322,0.652414167,0.079203998,0.137098979,0.24949786,0.00966896,299,0
0.198341627,0.519110927,0.769565217,0.227044359,0.664749135,0.072612801,0.039176787,0.195070483,0.005256235,230,0
0.085295516,0.142241662,0.396551724,0.267311879,0.646790224,0.094736805,0.199609409,0.211144367,0.074046898,348,0
0.112076632,0.214835013,0.444656489,0.254311706,0.644452215,0.084628632,0.137294769,0.205011654,0.101658581,524,0
0.154001611,0.318760523,0.575949367,0.235391158,0.645941305,0.086660627,0.082399133,0.208176258,0.014225851,316,1
0.235045982,0.510753715,0.709090909,0.250685594,0.676984259,0.072317366,0.091461544,0.253564049,0.006531736,330,1
0.270005023,0.561260426,0.715384615,0.28618078,0.604006989,0.051758966,0.183532224,0.311099746,0.005036821,390,0
0.063061667,0.172446041,0.438247012,0.284884321,0.64298244,0.097436128,0.080696823,0.318139343,0.081812501,251,0
0.103424304,0.12672275,0.316476346,0.256108188,0.652335256,0.156391869,0.165638768,0.169164081,0.044363703,613,1
0.103424304,0.12672275,0.316476346,0.256108188,0.652335256,0.156391869,0.165638768,0.169164081,0.044363703,613,1
0.254016808,0.390923244,0.54950495,0.268919009,0.62079776,0.080365172,0.24632606,0.265146137,0.023672641,202,0
0.195707524,0.346406161,0.551252847,0.258309797,0.659551134,0.120236238,0.088719427,0.209815669,0.019464027,439,1
0.254191734,0.4710138,0.613466334,0.254219932,0.651848029,0.063829449,0.182679294,0.230848076,0.012647446,401,0
0.141790463,0.256343562,0.535135135,0.30302934,0.64146283,0.125400705,0.146885895,0.314512653,0.008765585,185,0
0.103231519,0.181730023,0.456953642,0.263691709,0.664181194,0.135098297,0.185735196,0.200467304,0.021277366,302,0
0.32550452,0.603787484,0.532786885,0.227530364,0.652089579,0.11501092,0.088938522,0.161103265,0.041636218,610,0
0.200856569,0.403915485,0.580607477,0.230431456,0.659900772,0.064502096,0.160443507,0.167737018,0.023549179,856,0
0.08994976,0.199083067,0.454954955,0.297711486,0.617877658,0.153457606,0.066802806,0.269405286,0.007514725,222,0
0.057967125,0.110814487,0.294964029,0.260942649,0.633719842,0.084377864,0.125252692,0.242305138,0.20230221,417,0
0.087059177,0.148168134,0.409921671,0.24643746,0.663576442,0.101483196,0.192822659,0.185891562,0.060749246,383,0
0.108609114,0.201642481,0.467961165,0.250410971,0.662739874,0.129465814,0.125661576,0.172386654,0.034465367,515,0
0.124187214,0.223476375,0.435622318,0.250447473,0.63881043,0.079191415,0.140898999,0.192192916,0.098761521,466,0
0.058039199,0.103817992,0.296116505,0.251204004,0.615871259,0.120801937,0.050538084,0.27284879,0.301329222,206,0
0.091698924,0.122782508,0.355932203,0.239677121,0.64830511,0.088023519,0.22104055,0.169535559,0.131176951,354,0
0.15918803,0.293892639,0.529411765,0.222933539,0.669043105,0.090061714,0.118979324,0.160791377,0.109139214,391,1
0.153633659,0.274167978,0.480263158,0.2716408,0.649847244,0.147879968,0.072405625,0.247133991,0.019094349,304,1
0.153633659,0.274167978,0.480263158,0.2716408,0.649847244,0.147879968,0.072405625,0.247133991,0.019094349,304,1
0.156440821,0.309534491,0.531468531,0.269728284,0.63309211,0.118892647,0.107380824,0.250553744,0.021755453,286,0
0.076547023,0.169321726,0.437601297,0.269630535,0.664000573,0.069840945,0.181951891,0.222371606,0.118049765,617,0
0.113821221,0.291810171,0.557746479,0.274299229,0.649967399,0.109654905,0.057158427,0.265685289,0.014229252,355,0
0.182829016,0.327705442,0.508090615,0.267642568,0.654970194,0.113862883,0.091239188,0.247911367,0.094483233,618,1
0.182829016,0.327705442,0.508090615,0.267642568,0.654970194,0.113862883,0.091239188,0.247911367,0.094483233,618,1
0.033536158,0.042403184,0.181818182,0.344403882,0.548339718,0.197082893,0.110883691,0.431734603,0.014404649,110,0
0.152839992,0.368460436,0.534188034,0.265868605,0.650302809,0.108382444,0.176518525,0.260691489,0.007239344,234,0
0.124394565,0.224965637,0.430463576,0.265460671,0.639784284,0.146632281,0.105617807,0.199226028,0.026723988,604,0
0.379623304,0.620875861,0.613496933,0.269467149,0.61232935,0.098621655,0.212339888,0.257584501,0.007521687,489,0
0.068044481,0.090964293,0.299858557,0.240688609,0.659344064,0.119282417,0.087790168,0.188168711,0.250549271,707,0
0.072774063,0.119167537,0.361204013,0.287872848,0.624086755,0.138649475,0.145263993,0.225645416,0.009798768,299,1
0.072774063,0.119167537,0.361204013,0.287872848,0.624086755,0.138649475,0.145263993,0.225645416,0.009798768,299,1
0.159567459,0.325085429,0.607843137,0.25140437,0.672103373,0.112598252,0.157184569,0.257788786,0.008246522,204,1
0.083769353,0.128359683,0.346473029,0.242647161,0.639224189,0.100290273,0.202788863,0.166241271,0.082670664,482,0
0.063774622,0.091742282,0.413043478,0.311421447,0.5852345,0.103698638,0.304159593,0.504735514,0.020314167,46,0
0.280646221,0.561023789,0.72243346,0.273138702,0.647215164,0.04076756,0.177077763,0.303747197,0.010094491,263,1
0.186786251,0.426444947,0.629943503,0.24056903,0.670004497,0.073927839,0.053000108,0.205680103,0.007702469,354,0
0.070547628,0.090151986,0.270408163,0.296522288,0.647268641,0.205568362,0.107240156,0.272950164,0.046333503,196,1
0.115100033,0.268818289,0.521276596,0.283852856,0.634647372,0.100299162,0.074360845,0.227026106,0.004467179,188,1
0.109656055,0.221039904,0.510835913,0.230710369,0.662079676,0.08551718,0.109973116,0.20019965,0.087765846,323,1
0.109656055,0.221039904,0.510835913,0.230710369,0.662079676,0.08551718,0.109973116,0.20019965,0.087765846,323,1
0.135020908,0.28911942,0.576612903,0.279167293,0.638561483,0.123356499,0.124669191,0.266864789,0.008329543,248,1
0.135020908,0.28911942,0.576612903,0.279167293,0.638561483,0.123356499,0.124669191,0.266864789,0.008329543,248,1
0.079966117,0.100026857,0.275471698,0.257508603,0.629567818,0.172271712,0.114189034,0.169823153,0.126278436,795,1
0.22150411,0.428339327,0.564777328,0.250457282,0.662554631,0.104179018,0.124490162,0.21293142,0.022937511,494,0
0.058692448,0.097063706,0.24009324,0.211307745,0.66064042,0.058042559,0.114878858,0.151837612,0.366092784,429,0
0.296465233,0.529418189,0.615146832,0.231720601,0.682069045,0.089861998,0.106334283,0.157113697,0.022348221,647,1
0.183667219,0.338069356,0.490243902,0.259804243,0.635145628,0.118684202,0.175134693,0.220181918,0.033037789,410,1
0.206850724,0.424742525,0.549071618,0.236696814,0.663994997,0.110847658,0.162548497,0.159281899,0.042112746,754,1
0.206850724,0.424742525,0.549071618,0.236696814,0.663994997,0.110847658,0.162548497,0.159281899,0.042112746,754,1
0.229231027,0.393610492,0.472553699,0.218780343,0.673898164,0.088683006,0.148636348,0.142930365,0.143850639,1257,1
0.096014843,0.166133428,0.370681606,0.212842444,0.666621567,0.11794957,0.118258848,0.140357939,0.321264182,1071,0
0.159683845,0.287235863,0.454918033,0.240567919,0.678452425,0.104295895,0.148576021,0.185770858,0.066881569,488,0
0.1066706,0.171269145,0.39658444,0.253872288,0.626971352,0.167042345,0.263372969,0.164219608,0.096094953,527,1
0.105098369,0.187413501,0.414141414,0.20909896,0.657036175,0.078236609,0.118756695,0.137935222,0.230827671,396,0
0.178194548,0.264709374,0.401037165,0.231220127,0.676652215,0.114271563,0.17793659,0.201344663,0.120929689,1157,1
0.251015218,0.491560641,0.562138728,0.259077994,0.640196314,0.095266505,0.147848931,0.223875074,0.052501648,692,0
0.212622227,0.432144496,0.572901325,0.252330684,0.658503141,0.080139661,0.123240009,0.201932331,0.053917223,679,0
0.097978601,0.189824131,0.368764846,0.196944339,0.688214868,0.062009722,0.119483432,0.105072418,0.375295886,1684,0
0.225729972,0.348936725,0.411991435,0.219880068,0.674148886,0.085618756,0.206607617,0.151242634,0.170423535,2335,0
0.061515466,0.126756646,0.305389222,0.260967049,0.646128041,0.063346675,0.104709046,0.206513318,0.083590164,501,0
0.100057235,0.140285652,0.271812081,0.202718704,0.65577929,0.100013834,0.185092997,0.115069608,0.26584122,596,1
0.100057235,0.140285652,0.271812081,0.202718704,0.65577929,0.100013834,0.185092997,0.115069608,0.26584122,596,1
0.084965801,0.167243074,0.361173815,0.229470085,0.657366409,0.050273716,0.188797978,0.187390878,0.218017914,443,0
0.136399472,0.267567822,0.401368301,0.231058584,0.671134725,0.106688907,0.113516086,0.152092575,0.167370946,877,0
0.216901109,0.446843311,0.599458728,0.236443644,0.682048576,0.102378591,0.130623554,0.171202581,0.023368542,739,0
0.063972927,0.131720968,0.294029851,0.195522487,0.694163446,0.0541975,0.106292713,0.122364173,0.47944871,1340,0
0.095437448,0.159553578,0.315689981,0.243008581,0.63525574,0.123024871,0.143563659,0.180037032,0.126959415,529,1
0.095437448,0.159553578,0.315689981,0.243008581,0.63525574,0.123024871,0.143563659,0.180037032,0.126959415,529,1
0.126239699,0.229395602,0.428822496,0.238807826,0.649196211,0.117727081,0.142467532,0.164353682,0.112778693,569,0
0.145349461,0.223040233,0.350191571,0.220086041,0.666992648,0.086767697,0.124502501,0.148112825,0.18238993,1305,1
0.11829762,0.181649546,0.375954198,0.222212689,0.645418747,0.171323651,0.119479253,0.150215608,0.147766425,524,0
0.08642044,0.141516868,0.273148148,0.214369821,0.677337927,0.066036898,0.102675725,0.138909409,0.340133602,864,1
0.05375806,0.097564396,0.27012987,0.264005547,0.628081887,0.051527849,0.081869575,0.212487479,0.117958996,385,0
0.100700318,0.182683627,0.375262055,0.272958896,0.628361163,0.105451821,0.112167527,0.21456272,0.064738905,477,0
0.057502822,0.073556906,0.292792793,0.24200491,0.667454899,0.059056908,0.143274519,0.184943219,0.165944761,222,0
0.146164881,0.270161303,0.42750533,0.207590538,0.682986652,0.079617665,0.116822183,0.138251672,0.25436597,938,0
0.083955127,0.124236212,0.305232558,0.261824226,0.609640732,0.087783428,0.146404298,0.188455807,0.122880333,344,1
0.08499388,0.147523314,0.324528302,0.193380851,0.694463392,0.076988669,0.145650862,0.113127614,0.333892726,1855,0
0.253474719,0.462860414,0.501403181,0.202613592,0.685523778,0.08313007,0.103427296,0.13149289,0.184664922,1069,1
0.253474719,0.462860414,0.501403181,0.202613592,0.685523778,0.08313007,0.103427296,0.13149289,0.184664922,1069,1
0.155547135,0.249490306,0.393069307,0.224628857,0.666254691,0.159467173,0.144979431,0.142278577,0.155434707,1010,1
0.081134856,0.150951602,0.346416382,0.216476999,0.667899836,0.129090182,0.173706997,0.138287436,0.210814285,1172,1
0.155275568,0.263766597,0.419962335,0.205857727,0.693677628,0.089289027,0.095454301,0.132081956,0.173374267,1062,1
0.155275568,0.263766597,0.419962335,0.205857727,0.693677628,0.089289027,0.095454301,0.132081956,0.173374267,1062,1
0.134322697,0.21729757,0.351580571,0.203555655,0.701843519,0.08470197,0.099954313,0.229253562,0.38596548,1297,0
0.165564217,0.308397142,0.436928702,0.231198251,0.681875707,0.092770761,0.092628687,0.139514032,0.112895729,1094,0
0.14545202,0.288279794,0.47689769,0.223878327,0.673992795,0.113042598,0.135346306,0.173101111,0.117395272,606,0
0.066003255,0.108392688,0.267206478,0.271316984,0.598498812,0.141217904,0.099426913,0.217462611,0.187477524,247,0
0.10246748,0.187309682,0.329153605,0.212952036,0.656320379,0.098485729,0.126371035,0.122520709,0.214543515,1595,0
0.128437061,0.25754569,0.409883721,0.210605885,0.696042352,0.089358324,0.125285465,0.137785632,0.277717228,1032,1
0.096322196,0.200863803,0.40397351,0.244593062,0.656084819,0.122981306,0.077320077,0.212539411,0.01701152,151,1
0.106362619,0.217970069,0.389037433,0.219409785,0.673814201,0.130663363,0.122136352,0.140407302,0.155839375,748,0
0.122009843,0.225748137,0.375504711,0.199866232,0.679892611,0.077001204,0.156042916,0.131196777,0.297100996,743,0
0.193007165,0.344931418,0.487581699,0.22011571,0.685281966,0.077476739,0.177992598,0.146140235,0.091660572,765,0
0.376420481,0.623601775,0.605122732,0.220746257,0.679938479,0.126517749,0.130666198,0.158175348,0.042585769,937,0
0.126214379,0.240120214,0.389635317,0.265646692,0.643330604,0.122891729,0.1068965,0.188819022,0.054321458,521,1
0.126214379,0.240120214,0.389635317,0.265646692,0.643330604,0.122891729,0.1068965,0.188819022,0.054321458,521,1
0.128192261,0.196124483,0.326565144,0.228289643,0.62930333,0.084521707,0.095463635,0.155884597,0.120659226,591,1
0.087361615,0.128425661,0.388451444,0.255741393,0.644208171,0.155580951,0.227420443,0.201643437,0.076323936,381,0
0.204970586,0.386930429,0.531847134,0.23223529,0.663295272,0.091387809,0.135174307,0.202188242,0.032639047,628,0
0.062787776,0.106702276,0.263095238,0.240729734,0.641691141,0.087966077,0.151038065,0.170031931,0.221347979,840,0
0.102716028,0.165085338,0.355682747,0.215727751,0.658764529,0.092457064,0.191967814,0.123242644,0.197166496,1223,1
0.17666786,0.329335902,0.485454545,0.249047049,0.640486808,0.123795791,0.258833652,0.177946588,0.037492081,550,0
0.121915526,0.193723804,0.349480969,0.260520524,0.647430069,0.098874582,0.10685031,0.15749018,0.143929882,578,0
0.130968209,0.219954085,0.401129944,0.242953869,0.634040908,0.113380229,0.163419647,0.214936558,0.172383604,354,1
0.130968209,0.219954085,0.401129944,0.242953869,0.634040908,0.113380229,0.163419647,0.214936558,0.172383604,354,1
0.145713761,0.278032641,0.420333839,0.232190413,0.662006667,0.102064586,0.124360878,0.173847149,0.145892107,659,0
0.178689434,0.312927609,0.492659054,0.245124059,0.669826113,0.110099998,0.113598167,0.177690717,0.070866832,613,0
0.27695646,0.494686768,0.5546476,0.21890451,0.671609551,0.118627541,0.140547864,0.163583187,0.05407556,979,0
0.147023758,0.333659103,0.499145299,0.248037973,0.64544999,0.083246064,0.127517515,0.198753153,0.045845843,585,1
0.069650205,0.113153057,0.261682243,0.223508974,0.663477285,0.062562716,0.109483998,0.175933728,0.287645866,535,0
0.073354308,0.094950733,0.216,0.258375001,0.610370261,0.105555246,0.129076262,0.238336664,0.129580627,250,0
0.124900555,0.199300451,0.333333333,0.232160241,0.648244571,0.092467088,0.113888686,0.186930335,0.171818569,594,0
0.291025909,0.604731371,0.751101322,0.229887827,0.694658563,0.051366676,0.048029723,0.194267142,0.006445483,454,0
0.07722919,0.129565601,0.311918063,0.197417578,0.691689801,0.097774786,0.118920359,0.110853888,0.31346022,1074,0
0.103814452,0.145641943,0.304473304,0.226528896,0.6536737,0.149292651,0.167485441,0.150736038,0.153309802,693,0
0.16867064,0.339215071,0.508951407,0.259635501,0.643909545,0.137602753,0.095883951,0.226052646,0.019698593,391,1
0.16867064,0.339215071,0.508951407,0.259635501,0.643909545,0.137602753,0.095883951,0.226052646,0.019698593,391,1
0.120874863,0.205409384,0.430025445,0.247045819,0.655939817,0.101013735,0.224313542,0.19434465,0.06290376,393,1
0.151058714,0.315670553,0.528,0.250015048,0.654669314,0.15779835,0.159968489,0.207774669,0.039258482,500,0
0.125889281,0.188985413,0.318471338,0.231554007,0.63237248,0.056937883,0.15152698,0.15967859,0.149223514,628,0
0.055840087,0.076239486,0.253649635,0.209927244,0.66916798,0.055507173,0.07097246,0.120364545,0.28573791,548,0
0.103879875,0.175086459,0.326102169,0.221945011,0.650600362,0.107738985,0.138510513,0.134906879,0.189477514,1429,1
0.103879875,0.175086459,0.326102169,0.221945011,0.650600362,0.107738985,0.138510513,0.134906879,0.189477514,1429,1
0.284189026,0.49093437,0.561247216,0.215838112,0.691058668,0.108147146,0.081661162,0.148566737,0.0622683,449,0
0.07667499,0.109596722,0.304511278,0.199202555,0.693966407,0.094924442,0.089401588,0.108703052,0.351852283,1330,0
0.116488587,0.189479692,0.351393189,0.225953936,0.65334106,0.152354233,0.157437221,0.151558997,0.200128078,646,1
0.288309664,0.544828989,0.64305949,0.249761363,0.660857621,0.086472163,0.115370369,0.217487248,0.009238593,353,0
0.159911852,0.325559874,0.478737997,0.225555959,0.669060638,0.101271701,0.096168639,0.182600833,0.106778008,729,1
0.159911852,0.325559874,0.478737997,0.225555959,0.669060638,0.101271701,0.096168639,0.182600833,0.106778008,729,1
0.159660184,0.338585505,0.4,0.257648103,0.62657888,0.078884177,0.130441375,0.21448391,0.054128987,295,0
0.043134279,0.080170779,0.230623819,0.207908744,0.660222009,0.050576324,0.089007394,0.151680513,0.488551536,1058,0
0.109681478,0.169385474,0.345005149,0.239589521,0.6522986,0.129098675,0.15813645,0.158497228,0.120864969,971,0
0.184841451,0.317002632,0.430958663,0.200489411,0.697656495,0.070476595,0.113114373,0.135308943,0.271727607,1137,0
0.032250103,0.070906045,0.219381688,0.18585275,0.649953062,0.016719359,0.108218028,0.116497131,0.601025694,1682,0
0.08217113,0.149018056,0.317295189,0.218024042,0.661179865,0.070414307,0.15414406,0.156002568,0.24463765,769,0
0.177892895,0.338490905,0.522988506,0.238024282,0.656987601,0.116994865,0.254044298,0.179285018,0.069766397,522,0
0.184136867,0.273338367,0.318181818,0.255550243,0.625059501,0.106826313,0.105890729,0.226022347,0.138494911,374,0
0.161514932,0.254842763,0.369418133,0.239600469,0.630040968,0.143806096,0.138941938,0.182593389,0.115241257,739,0
0.10580058,0.15211265,0.321100917,0.244863865,0.640651171,0.124422874,0.117791114,0.158372779,0.121088666,763,1
0.092819993,0.143697876,0.320490368,0.194020715,0.698121224,0.097712873,0.131550005,0.107540467,0.418369273,1142,0
0.196315959,0.34539092,0.482373173,0.206174829,0.693014054,0.104755368,0.114882265,0.123936094,0.135295294,1163,0
0.192623415,0.350930703,0.482269504,0.24308848,0.66151188,0.101480564,0.186380198,0.160764531,0.050228859,564,0
0.11780457,0.181590919,0.373697917,0.221419424,0.66285966,0.108448053,0.124233654,0.149336998,0.156244904,768,1
0.062432242,0.095163167,0.284779051,0.230470092,0.647289316,0.08429479,0.108700749,0.153023241,0.200908762,611,0
0.232006067,0.394956758,0.528678304,0.233703942,0.661918186,0.132293039,0.16530267,0.176357454,0.051459848,802,1
0.232006067,0.394956758,0.528678304,0.233703942,0.661918186,0.132293039,0.16530267,0.176357454,0.051459848,802,1
0.222020099,0.433634442,0.557483731,0.252030715,0.623566377,0.0975599,0.093079209,0.212672329,0.031254413,461,0
0.137419945,0.239452806,0.393234672,0.227686727,0.671340302,0.137455869,0.11757237,0.16394116,0.142014743,473,1
0.197886578,0.424076709,0.598736177,0.232264625,0.680925399,0.067546651,0.087992482,0.174195718,0.02918157,633,0
0.305891669,0.596081143,0.706365503,0.23926171,0.673956908,0.080331976,0.057489269,0.221063339,0.01795648,487,0
0.154969155,0.291136233,0.445100354,0.208662711,0.685428861,0.075245528,0.132203249,0.140993938,0.152824487,847,0
0.083345681,0.125170523,0.354700855,0.255829418,0.641760897,0.096824709,0.134544759,0.196984777,0.083513231,702,0
0.126240366,0.213251508,0.353946298,0.204720339,0.673558458,0.103546989,0.179857694,0.129723837,0.300129075,1229,0
0.283734841,0.518623747,0.637010676,0.234318648,0.672259691,0.093953852,0.117072711,0.179375345,0.022204429,562,0
0.097765739,0.22491247,0.436893204,0.314882004,0.623871979,0.118126974,0.111200124,0.259887512,0.007956632,412,0
0.102334817,0.154431052,0.298850575,0.229441008,0.653301095,0.084778397,0.13138248,0.164675624,0.178042273,1131,0
0.087898418,0.159010278,0.337971014,0.208280915,0.6840068,0.101806806,0.096288303,0.121647983,0.226349881,1725,0
0.119187807,0.198944787,0.343065693,0.228505603,0.655473412,0.095220186,0.186947594,0.146401718,0.189840653,1507,0
0.109184004,0.157952023,0.322139303,0.219474085,0.647532797,0.082271225,0.114841079,0.139893163,0.202645401,804,0
0.078410256,0.141897946,0.315,0.258364367,0.606759768,0.070216192,0.101565973,0.263688337,0.167450472,200,0
0.274847462,0.591892792,0.65647482,0.244788352,0.680941627,0.066990768,0.094381306,0.204471936,0.011768442,556,1
0.274847462,0.591892792,0.65647482,0.244788352,0.680941627,0.066990768,0.094381306,0.204471936,0.011768442,556,1
0.132747916,0.220351381,0.351851852,0.252671738,0.641330906,0.131820716,0.135396809,0.190527582,0.100208514,594,0
0.074797503,0.125928471,0.291709845,0.191015684,0.693407353,0.082198373,0.126065191,0.098847215,0.32743462,1930,0
0.088130801,0.154771941,0.337874659,0.235230308,0.654113078,0.070973387,0.094090852,0.163103624,0.123552894,734,0
0.148698429,0.373094105,0.581871345,0.277724614,0.647059824,0.111473335,0.104361219,0.268346565,0.015576943,342,0
0.085315256,0.144986772,0.314606742,0.283022152,0.604762177,0.144711137,0.120915928,0.223199086,0.037827638,356,0
0.121094372,0.22945264,0.428120063,0.235522393,0.661865856,0.138846474,0.168391878,0.167570424,0.158216245,633,0
0.086242714,0.164700743,0.306060606,0.239744074,0.623070819,0.115287852,0.133963156,0.159828457,0.139463585,660,0
0.196911775,0.38152158,0.465561224,0.237355011,0.645349496,0.079358867,0.105077499,0.165269047,0.105597032,784,1
0.150558596,0.259244719,0.439781022,0.258803938,0.658991947,0.139513338,0.161473559,0.183105779,0.037602429,548,1
0.273364488,0.595107407,0.710526316,0.207795376,0.707940796,0.047925496,0.060903692,0.174262601,0.042409496,532,1
0.188455339,0.34812809,0.512786003,0.247265457,0.66564788,0.131310294,0.14927238,0.178605077,0.048063257,743,0
0.101620089,0.161039255,0.341054313,0.203652818,0.669471139,0.091439298,0.109511896,0.116511543,0.292578462,1252,0
0.100754749,0.162982868,0.304541407,0.213622737,0.666090393,0.051168911,0.131242092,0.130961515,0.242708121,1123,0
0.082825002,0.120654686,0.309076682,0.207239403,0.676004682,0.065413457,0.140940192,0.121905629,0.272884276,1278,0
0.069985115,0.126478972,0.268475751,0.203921035,0.661692554,0.065564483,0.141510668,0.111085859,0.308199072,1732,0
0.083055529,0.196130929,0.399621212,0.23713873,0.651837275,0.086667697,0.093511442,0.177109456,0.196010573,528,0
0.08409997,0.138623648,0.326510721,0.238457883,0.664025223,0.098429714,0.141222447,0.15487603,0.162748428,1026,0
0.104221601,0.183386931,0.294871795,0.300398905,0.585993427,0.134399271,0.04682799,0.54178579,0.07602044,78,0
0.079494924,0.122347331,0.301386377,0.199761953,0.691108251,0.085903049,0.137881224,0.11427482,0.291900134,1659,0
0.140632893,0.251262624,0.490291262,0.267071199,0.631232562,0.112447961,0.163793697,0.217042813,0.050906766,412,0
0.083003064,0.163470915,0.340143003,0.236468436,0.672950241,0.067171179,0.118884121,0.152109876,0.19529759,979,0
0.092728418,0.153208033,0.320481928,0.251550537,0.622515749,0.124930635,0.151162196,0.186435113,0.139833619,415,0
0.117772784,0.225238621,0.4453125,0.245594315,0.647212728,0.06585814,0.203955421,0.317585298,0.137454909,128,0
0.134251564,0.280231656,0.520547945,0.244105515,0.672236845,0.103235973,0.123893517,0.194811711,0.024722151,365,0
0.062899727,0.082388408,0.274193548,0.29149543,0.634847415,0.132455707,0.129184366,0.271942785,0.014242148,248,0
0.228932175,0.542650865,0.713903743,0.211531634,0.699602186,0.104957197,0.03259985,0.164740123,0.005154222,374,0
0.195322182,0.423764793,0.546468401,0.268179061,0.653501371,0.118439849,0.102134195,0.230022523,0.009369188,269,0
0.082514928,0.181528584,0.463126844,0.260784063,0.677686253,0.093996896,0.111687328,0.213553418,0.016264415,339,0
0.050421731,0.093135465,0.337719298,0.30919543,0.607985798,0.144488285,0.155310746,0.26154884,0.006596091,228,0
0.034056365,0.072397361,0.40397351,0.295260259,0.671316638,0.15240784,0.049811533,0.355351441,0.12996123,151,1
0.194481593,0.351890523,0.48,0.223165627,0.681338148,0.068751551,0.204163168,0.157480942,0.102700882,475,0
0.101380012,0.194967087,0.376447876,0.289304836,0.633917755,0.147455091,0.150581878,0.20167907,0.02060522,518,0
0.035060949,0.054041066,0.33557047,0.253316093,0.636189894,0.18410301,0.242579102,0.261414698,0.064885477,149,0
0.0929716,0.130434594,0.379928315,0.235425181,0.634663728,0.071105191,0.189346798,0.142050297,0.10028957,279,0
0.0415128,0.092472125,0.267857143,0.210599165,0.657957754,0.057769112,0.124928899,0.160974957,0.490474823,672,0
0.087386046,0.279470578,0.545454545,0.28297038,0.638406994,0.113244938,0.0389409,0.276586714,0.005595103,110,0
0.198540118,0.377385159,0.544622426,0.269168578,0.643911026,0.123420147,0.079038731,0.241415706,0.013922199,437,0
0.226293889,0.404826275,0.558676028,0.245130763,0.642060168,0.081852068,0.208113834,0.168404104,0.014944925,997,0
0.336136662,0.631904121,0.7675,0.229348109,0.670075197,0.063132842,0.043195032,0.204148169,0.016688791,400,0
0.201503389,0.46243434,0.664335664,0.244676059,0.683811191,0.07918949,0.043999152,0.209935786,0.003949172,286,1
0.201503389,0.46243434,0.664335664,0.244676059,0.683811191,0.07918949,0.043999152,0.209935786,0.003949172,286,1
0.094951948,0.139753373,0.371607516,0.294451691,0.640796501,0.135188687,0.091842742,0.263450417,0.024121657,479,0
0.080489947,0.098335998,0.301369863,0.242679496,0.629747262,0.158745104,0.128054255,0.219041646,0.133610184,438,0
0.105386875,0.1858978,0.458333333,0.294984753,0.584200511,0.139023221,0.188244477,0.32316656,0.008591224,144,0
0.079643389,0.120097305,0.356521739,0.273601423,0.659906999,0.064714342,0.183939936,0.255613533,0.051799226,230,0
0.09630033,0.213649018,0.417989418,0.303880597,0.66075811,0.122418755,0.096325805,0.305603034,0.020371879,189,0
0.160325059,0.381937864,0.62,0.278406388,0.674504762,0.073538239,0.05533721,0.267872119,0.006866234,200,0
0.06489787,0.120136294,0.360824742,0.284111636,0.62701609,0.089738586,0.188969519,0.251050998,0.050319278,388,1
0.222619165,0.426443917,0.608597285,0.229175555,0.679973483,0.094509357,0.118059558,0.163815967,0.012870778,442,0
0.093979932,0.125945126,0.388888889,0.302264522,0.633699743,0.157334071,0.081577686,0.319228693,0.00503135,126,1
0.093979932,0.125945126,0.388888889,0.302264522,0.633699743,0.157334071,0.081577686,0.319228693,0.00503135,126,1
0.092305907,0.128887268,0.348039216,0.28281809,0.626409341,0.178189898,0.118889891,0.2514075,0.032659369,204,1
0.092305907,0.128887268,0.348039216,0.28281809,0.626409341,0.178189898,0.118889891,0.2514075,0.032659369,204,1
0.104323868,0.213020847,0.450892857,0.235120853,0.659911087,0.094633199,0.156800757,0.172085376,0.033219883,448,0
0.138642936,0.276046267,0.540041068,0.245931212,0.676310811,0.145107391,0.087948924,0.208766871,0.02155812,487,0
0.065922141,0.074758494,0.278538813,0.300129412,0.641126715,0.221975045,0.10694678,0.295399912,0.002983975,219,0
0.017348084,0.044351498,0.226941748,0.190449707,0.687219459,0.079189232,0.133000989,0.130239222,0.601588252,824,0
0.041158491,0.056188355,0.283687943,0.328554791,0.614031175,0.229096313,0.163253293,0.360419645,0.019184024,141,0
0.075775817,0.117114574,0.304,0.279332176,0.617727416,0.120633048,0.127726758,0.270717098,0.044903821,250,0
0.080746479,0.116263009,0.35443038,0.280330991,0.59764979,0.116636036,0.213517579,0.247450571,0.103720624,316,1
0.074842762,0.078767709,0.347480106,0.296409746,0.61229242,0.149377286,0.158170924,0.242232008,0.016181262,377,0
0.122568757,0.267266446,0.527511962,0.248874466,0.624796764,0.089957968,0.169431137,0.185568189,0.035744114,836,0
0.057467789,0.080526226,0.295138889,0.286683162,0.623384992,0.111433673,0.076385923,0.278819752,0.0902586,288,1
0.057467789,0.080526226,0.295138889,0.286683162,0.623384992,0.111433673,0.076385923,0.278819752,0.0902586,288,1
0.11136416,0.214955651,0.460076046,0.268983312,0.631585759,0.101974138,0.195946517,0.231618889,0.044771431,263,0
0.072149167,0.105145259,0.323751891,0.254684329,0.656019884,0.143297185,0.100751745,0.171004981,0.100635804,661,0
0.114628801,0.273098382,0.607734807,0.264969441,0.641465979,0.078912966,0.203965316,0.301502594,0.010346656,181,0
0.041544888,0.028056825,0.151785714,0.337437935,0.629977782,0.402482899,0.096688144,0.659618208,0.006681611,112,0
0.083461881,0.236482326,0.520833333,0.311834189,0.66401967,0.129821674,0.052921057,0.357423278,0.003155089,96,0
0.075898643,0.106019003,0.292553191,0.282749426,0.677679036,0.107510975,0.073448012,0.292261638,0.062491436,188,0
0.181010749,0.481513587,0.682051282,0.267511893,0.659111613,0.121140042,0.047039064,0.288146892,0.005110697,195,0
0.098003519,0.148585433,0.360086768,0.225398928,0.675306782,0.123268205,0.141516936,0.150303085,0.155044104,922,1
0.086461813,0.142030111,0.367741935,0.290678104,0.657612941,0.141254379,0.17489242,0.385337949,0.019241807,155,0
0.064383922,0.131810864,0.398773006,0.279617633,0.635147865,0.116802885,0.140397026,0.2417605,0.017195885,326,0
0.081490892,0.201240637,0.491071429,0.293995138,0.623910262,0.061909166,0.213317012,0.378384913,0.051294141,112,0
0.064571118,0.06243234,0.313513514,0.262098598,0.60329532,0.09316641,0.315453024,0.324418069,0.144998339,185,0
0.156477206,0.305143059,0.486692015,0.275971702,0.602828825,0.111181929,0.152524759,0.26234658,0.011619609,263,0
0.046917175,0.066324574,0.303212851,0.270709465,0.62798471,0.133120365,0.14720167,0.209227564,0.072138422,498,0
0.08224906,0.268527059,0.559748428,0.306850555,0.611428572,0.079171238,0.064311368,0.362575549,0.012373337,159,1
0.08224906,0.268527059,0.559748428,0.306850555,0.611428572,0.079171238,0.064311368,0.362575549,0.012373337,159,1
0.119680488,0.273066708,0.533333333,0.30466385,0.65868778,0.120384983,0.05634289,0.340286334,0.003247133,90,1
0.119680488,0.273066708,0.533333333,0.30466385,0.65868778,0.120384983,0.05634289,0.340286334,0.003247133,90,1
0.267434267,0.627681982,0.810495627,0.225408484,0.681121525,0.041138767,0.02523884,0.229935355,0.005894459,343,1
0.267434267,0.627681982,0.810495627,0.225408484,0.681121525,0.041138767,0.02523884,0.229935355,0.005894459,343,1
0.036946284,0.075235457,0.267080745,0.170871072,0.701873958,0.06693094,0.099215474,0.083166573,0.614051807,1771,1
0.173201178,0.381377598,0.610942249,0.236881956,0.67821937,0.075314277,0.083638873,0.195131958,0.017453439,329,1
0.045820321,0.070559785,0.339366516,0.307835478,0.591099329,0.123847024,0.189220284,0.320441148,0.064872018,221,0
0.093331052,0.234975831,0.530120482,0.321858027,0.640061036,0.088907041,0.060518712,0.460539426,0.005248049,83,1
0.082695491,0.099634286,0.295522388,0.296904281,0.62935259,0.15603663,0.177414315,0.249060647,0.035503265,335,1
0.171546212,0.531427246,0.785185185,0.268608272,0.663477043,0.057492134,0.031954262,0.306421013,0.004274634,135,0
0.094086965,0.293496193,0.594827586,0.324437122,0.634380114,0.11871813,0.053886288,0.403444904,0.004505907,116,0
0.148496938,0.379920868,0.605,0.274642799,0.639837184,0.146057019,0.048588003,0.31174941,0.010083177,200,1
0.148496938,0.379920868,0.605,0.274642799,0.639837184,0.146057019,0.048588003,0.31174941,0.010083177,200,1
0.077304621,0.085176471,0.297945205,0.239751697,0.629956883,0.12394506,0.152142155,0.215896445,0.105461524,292,0
0.071005893,0.106078475,0.323119777,0.292200165,0.610555262,0.200512319,0.092670134,0.267349649,0.023289299,359,0
0.211262063,0.4373721,0.590236686,0.258596264,0.618496456,0.083732793,0.197463126,0.207921006,0.012217253,676,1
0.211262063,0.4373721,0.590236686,0.258596264,0.618496456,0.083732793,0.197463126,0.207921006,0.012217253,676,1
0.192423889,0.330278246,0.49112426,0.267996048,0.653622118,0.119425828,0.231790698,0.218374879,0.026743839,338,0
0.054725422,0.163824023,0.386363636,0.333922367,0.593933592,0.170226135,0.056554123,0.416637874,0.003295377,132,0
0.0856287,0.173345003,0.420944559,0.257168687,0.646541975,0.103664846,0.082882024,0.21530815,0.119475113,487,1
0.08642796,0.180432183,0.411764706,0.336986063,0.603884737,0.067813363,0.090392263,0.474497149,0.011336704,85,1
0.14023253,0.271586591,0.491778774,0.268788028,0.530812473,0.119130204,0.13605184,0.201256871,0.011644914,669,0
0.160352396,0.40746393,0.713450292,0.278003371,0.661336693,0.087697544,0.041497814,0.298612011,0.004290229,171,0
0.108766723,0.198161946,0.423302598,0.232202988,0.657252562,0.099920347,0.122044051,0.145590197,0.161240534,1193,1
0.294008612,0.583124497,0.709375,0.262556982,0.66733581,0.071080066,0.104902352,0.268437807,0.005096922,320,1
0.287418043,0.533794881,0.654255319,0.259210644,0.631902921,0.070716781,0.235230972,0.244642081,0.015781264,564,0
0.159168037,0.220022389,0.383458647,0.267365322,0.623333696,0.111788683,0.235714006,0.260731028,0.049973098,133,0
0.112663071,0.208076269,0.448844884,0.253399509,0.604357703,0.105579945,0.340118929,0.209967012,0.032164089,303,1
0.335874606,0.573495012,0.636363636,0.251200473,0.621563582,0.074650122,0.24352876,0.21478527,0.009233812,550,1
0.109220107,0.203784928,0.395061728,0.285758972,0.612690667,0.095776197,0.096426118,0.32019583,0.034799167,162,0
0.069622501,0.097922109,0.408163265,0.304327644,0.595798054,0.109203009,0.176455397,0.341315059,0.023301998,98,0
0.063986011,0.111637467,0.382133995,0.257954512,0.634074177,0.170719972,0.088292743,0.187785289,0.104238196,403,0
0.033797934,0.06878898,0.294642857,0.290209188,0.605204844,0.044293028,0.156790262,0.465671905,0.084288324,112,0
0.050323027,0.089483038,0.296500921,0.235128389,0.669132871,0.126149291,0.112439387,0.17755574,0.247414703,543,0
0.053156518,0.096026008,0.294117647,0.226051587,0.657343795,0.060150593,0.085591246,0.179730935,0.427594772,561,1
0.04966191,0.071707371,0.311320755,0.225582119,0.663429584,0.054030354,0.153326366,0.176980666,0.331886242,318,0
0.12688916,0.253710301,0.476426799,0.250214656,0.657236446,0.058227529,0.175158601,0.21725159,0.065233185,403,0
0.23159821,0.38649575,0.553903346,0.257590082,0.662672575,0.107506633,0.158522279,0.219607358,0.015076999,269,0
0.061619361,0.111728052,0.362459547,0.314488953,0.641010622,0.135000812,0.135513333,0.297727646,0.015327953,309,0
0.111814702,0.247155676,0.49321267,0.274662665,0.660437868,0.116745526,0.048954053,0.249117823,0.009892189,221,0
0.06359817,0.149423307,0.429268293,0.271630629,0.637458237,0.137572858,0.09735887,0.213607743,0.01997958,205,0
0.039369763,0.049207212,0.228310502,0.288641173,0.665253059,0.11913113,0.138631048,0.324313928,0.025114066,219,0
0.25669259,0.482398137,0.614791988,0.239163028,0.680763399,0.132647243,0.069564148,0.172539662,0.013649536,649,0
0.092861677,0.206272787,0.444844125,0.253450701,0.616743735,0.096790236,0.170891195,0.182600601,0.038420298,834,1
0.375012731,0.690579259,0.760831889,0.240137027,0.648377222,0.058510069,0.186074882,0.225320329,0.008522045,577,0
0.143740035,0.279254961,0.467120181,0.267955548,0.657556543,0.111505224,0.087461881,0.222303616,0.015563379,441,0
0.048836394,0.109109454,0.324945295,0.206342324,0.674795749,0.088224483,0.187432049,0.109974647,0.262972182,2742,0
0.070702814,0.0987512,0.320261438,0.312715292,0.616670878,0.154095065,0.133652441,0.380273503,0.007513084,153,0
0.043263512,0.063329933,0.344537815,0.302580409,0.624822687,0.188550554,0.119021162,0.416496432,0.026411592,119,0
0.067764657,0.093767939,0.274509804,0.256290443,0.622875905,0.117081508,0.110261098,0.263210554,0.129621305,153,0
0.091423327,0.203480792,0.510638298,0.296773027,0.616350668,0.12466728,0.091963043,0.285998405,0.008216431,235,0
0.168003538,0.319745655,0.528497409,0.277696258,0.627480476,0.107202642,0.114042588,0.28373082,0.010892733,193,0
0.085862798,0.169393735,0.374476987,0.284354782,0.611126537,0.125601335,0.13723798,0.219407928,0.01932484,478,0
0.1011766,0.205228081,0.432055749,0.25965436,0.663548637,0.113389569,0.128638448,0.19293141,0.025039633,574,0
0.125018831,0.21329671,0.415929204,0.249125216,0.660861284,0.191432429,0.10393289,0.175482816,0.062124302,678,0
0.124156011,0.403740983,0.723076923,0.316631375,0.612957033,0.079261617,0.086051565,0.401406508,0.005379562,130,1
0.124156011,0.403740983,0.723076923,0.316631375,0.612957033,0.079261617,0.086051565,0.401406508,0.005379562,130,1
0.08478064,0.122378229,0.322535211,0.244929224,0.652407052,0.144939974,0.138708225,0.17435037,0.132144496,710,0
0.145748329,0.270462509,0.496644295,0.259307951,0.661227053,0.142545357,0.119343618,0.215756202,0.014045101,447,1
0.145748329,0.270462509,0.496644295,0.259307951,0.661227053,0.142545357,0.119343618,0.215756202,0.014045101,447,1
0.088639343,0.161497243,0.351351351,0.284661376,0.605465672,0.147270977,0.19431423,0.287381463,0.134980491,259,0
0.154916385,0.282772272,0.497568882,0.267844467,0.648329028,0.133941366,0.105934207,0.226613436,0.023251891,617,1
0.040258898,0.100762156,0.476190476,0.298663271,0.635580433,0.188749567,0.035664747,0.475640683,0.011289178,63,1
0.080185978,0.184573533,0.366666667,0.304227409,0.575097841,0.187073784,0.057273352,0.311640243,0.020548526,180,0
0.069510998,0.117196363,0.367816092,0.283000656,0.632495261,0.082915808,0.185173821,0.298699851,0.085510646,348,0
0.125646474,0.23943849,0.48503937,0.241310611,0.684482117,0.087092976,0.107289339,0.158144396,0.041525445,635,0
0.248815123,0.623337364,0.855895197,0.234834308,0.667731989,0.030492821,0.045699157,0.250305918,0.004681067,229,1
0.248815123,0.623337364,0.855895197,0.234834308,0.667731989,0.030492821,0.045699157,0.250305918,0.004681067,229,1
0.072293785,0.146312041,0.380952381,0.26385966,0.652448906,0.125244161,0.147802376,0.177974402,0.040822511,609,0
0.121066044,0.253066545,0.483870968,0.299976705,0.641342007,0.0732335,0.092368629,0.297112312,0.009469764,248,1
0.121066044,0.253066545,0.483870968,0.299976705,0.641342007,0.0732335,0.092368629,0.297112312,0.009469764,248,1
0.186106774,0.417549503,0.572289157,0.32641548,0.632748981,0.101279403,0.075327794,0.416598992,0.009272284,166,0
0.081630036,0.136572782,0.328671329,0.317507482,0.613833489,0.138589468,0.087459979,0.338672011,0.002955441,143,1
0.147280661,0.316235608,0.55,0.305060433,0.629103118,0.145458715,0.038166327,0.339667625,0.006062808,100,1
0.07791831,0.124634252,0.396226415,0.278119858,0.638479416,0.119039724,0.099360246,0.234378159,0.042318994,477,0
0.045867617,0.080268703,0.283819629,0.212677932,0.636976146,0.099481384,0.170822967,0.159432748,0.351965417,754,0
0.100518746,0.204478901,0.411392405,0.301255119,0.5527778,0.113794216,0.256334928,0.279586473,0.027257119,158,0
0.021828423,0.044542338,0.244712991,0.207360353,0.674897092,0.03544072,0.133794031,0.177093892,0.283507804,331,0
0.057588796,0.091258898,0.291262136,0.274704874,0.64037755,0.116209651,0.044366651,0.187832702,0.03285743,206,0
0.209139787,0.478889978,0.714285714,0.280018942,0.640386705,0.081217643,0.068849765,0.331876373,0.004732848,154,0
0.201621828,0.425547897,0.634464752,0.262819173,0.648556758,0.107478739,0.118094533,0.243388367,0.007076365,383,1
0.201621828,0.425547897,0.634464752,0.262819173,0.648556758,0.107478739,0.118094533,0.243388367,0.007076365,383,1
0.199048236,0.43016841,0.565320665,0.252252447,0.646120922,0.11319362,0.092242934,0.200268798,0.025668541,421,0
0.174218534,0.475007511,0.74301676,0.277383338,0.646148127,0.046052204,0.039113373,0.306925526,0.004214326,179,0
0.093580421,0.18295625,0.422018349,0.318355538,0.624189406,0.083313508,0.079265818,0.360751723,0.001973921,109,0
0.06806943,0.100317396,0.359090909,0.258645817,0.633358977,0.086958111,0.226210231,0.213136893,0.08643938,220,0
0.040578876,0.053892337,0.329949239,0.273414007,0.622516987,0.067298781,0.143217482,0.235853094,0.071078809,197,0
0.075416195,0.109348112,0.361552028,0.253057204,0.674377798,0.143404313,0.090316677,0.173932284,0.081237803,567,0
0.055661894,0.090338743,0.321917808,0.243154825,0.649046199,0.147520228,0.121231628,0.191012154,0.166591901,292,0
0.377460024,0.752498317,0.901408451,0.194177641,0.702401454,0.023639967,0.025290153,0.183460615,0.005026511,355,1
0.085742769,0.153766026,0.416403785,0.278389565,0.623524885,0.125598252,0.144307057,0.269076172,0.08257359,317,0
0.143558466,0.233905755,0.472477064,0.263040112,0.649384993,0.13714913,0.104724092,0.239031934,0.016503597,218,0
0.231095803,0.438065314,0.590909091,0.254914714,0.650228696,0.088072386,0.197122751,0.212589723,0.012149861,264,0
0.106406257,0.142166491,0.346915017,0.236635755,0.670819773,0.144543254,0.156041247,0.142504024,0.037372037,859,1
0.403679233,0.751631259,0.932989691,0.289346011,0.647298008,0.008688733,0.019131393,0.35465339,0.005263462,194,1
0.148294247,0.300139118,0.477707006,0.247472155,0.647092894,0.083534922,0.067850156,0.197926805,0.088438979,314,0
0.180830199,0.367925542,0.573560768,0.259178864,0.655941003,0.11290664,0.093186847,0.20046054,0.03483624,469,0
0.108833029,0.248121478,0.514285714,0.282202483,0.637927469,0.095886562,0.120583713,0.276480151,0.013186025,315,0
0.113972558,0.214562117,0.483985765,0.255472897,0.636509785,0.10396728,0.194924016,0.214892278,0.07434489,281,1
0.113972558,0.214562117,0.483985765,0.255472897,0.636509785,0.10396728,0.194924016,0.214892278,0.07434489,281,1
0.183644311,0.382622572,0.554006969,0.260044987,0.65251604,0.110306239,0.088296076,0.23314142,0.00307752,287,1
0.303704198,0.564814846,0.662872154,0.235210918,0.640995297,0.061605109,0.193859872,0.174593535,0.025161672,1142,1
0.336596611,0.593209891,0.671490593,0.234939841,0.632650482,0.044066291,0.189324976,0.188647036,0.013591762,691,1
0.336596611,0.593209891,0.671490593,0.234939841,0.632650482,0.044066291,0.189324976,0.188647036,0.013591762,691,1
0.09279978,0.144732284,0.374741201,0.28336264,0.654242457,0.149582369,0.161351764,0.189190517,0.015829459,483,0
0.06211583,0.095774221,0.306010929,0.285028292,0.576023889,0.065103562,0.085863233,0.287428032,0.066841227,183,0
0.100107244,0.222503367,0.488151659,0.292386147,0.640717654,0.104067372,0.121277162,0.279775334,0.008309599,211,1
0.078489284,0.168371672,0.371396896,0.212036195,0.677784333,0.086504687,0.081674117,0.139399712,0.316838183,902,0
0.129058365,0.262578175,0.486013986,0.25706483,0.645219196,0.131482192,0.053165717,0.21577701,0.046005263,286,1
0.129058365,0.262578175,0.486013986,0.25706483,0.645219196,0.131482192,0.053165717,0.21577701,0.046005263,286,1
0.051429423,0.089861513,0.304347826,0.214556146,0.693277962,0.105164381,0.071798776,0.146751484,0.327993114,667,0
0.157103745,0.230906785,0.444444444,0.31450604,0.616543991,0.174030678,0.085455181,0.389315366,0.016757708,72,0
0.069442983,0.103373898,0.314935065,0.249395924,0.65308136,0.136111658,0.135858269,0.163461906,0.133370252,616,0
0.110010226,0.239944219,0.436708861,0.296597255,0.642237877,0.14175109,0.046959789,0.283815106,0.005704526,158,0
0.260186702,0.501366026,0.724489796,0.250904437,0.630449991,0.074455632,0.037140358,0.248628667,0.005316762,196,1
0.260186702,0.501366026,0.724489796,0.250904437,0.630449991,0.074455632,0.037140358,0.248628667,0.005316762,196,1
0.116700729,0.231774941,0.441947566,0.270250208,0.615416379,0.13987006,0.083544166,0.237736652,0.007793534,267,0
0.149643562,0.327395125,0.472826087,0.304823,0.61090211,0.06255289,0.178657678,0.363985546,0.028681753,184,0
0.007801469,0.050965755,0.222222222,0.172983817,0.64850239,0.007701276,0.137605995,0.10362384,0.706503976,1170,0
0.125886957,0.302273321,0.533333333,0.262896951,0.657921459,0.089060441,0.072468313,0.218049147,0.06631121,480,0
0.040442773,0.091212901,0.274964838,0.184565311,0.711550766,0.036341905,0.119221929,0.111339342,0.556035111,1422,0
0.11124037,0.195423175,0.456967213,0.248517752,0.669032356,0.154775296,0.084233916,0.183018478,0.049432702,488,0
0.067061108,0.117643353,0.345454545,0.225974927,0.668448763,0.109210835,0.194598668,0.166924882,0.180486829,385,0
0.04631805,0.095281227,0.303448276,0.321502215,0.577845738,0.263284542,0.071616126,0.331930555,0.007599781,145,0
0.100517039,0.164929699,0.416309013,0.249172577,0.673060694,0.141216038,0.144729258,0.182490739,0.029298809,466,0
0.110787993,0.196793405,0.44212963,0.226912657,0.66626444,0.127849708,0.155274399,0.147761877,0.099204684,432,0
0.106417964,0.195436887,0.431077694,0.256579495,0.665461874,0.11087626,0.21270487,0.195677228,0.037636293,399,0
0.07510021,0.195499545,0.529411765,0.288653037,0.611346764,0.110820591,0.116979506,0.315135914,0.009331515,170,0
0.206951947,0.417605987,0.579387187,0.254588982,0.615146416,0.06836303,0.155054753,0.183982083,0.012650223,718,0
0.27525585,0.63262145,0.830188679,0.225996086,0.676721335,0.045719778,0.028085438,0.211252181,0.00471,265,0
0.096316754,0.193935346,0.381818182,0.322772971,0.543292115,0.128540674,0.053362376,0.448188882,0.070465158,110,1
0.096316754,0.193935346,0.381818182,0.322772971,0.543292115,0.128540674,0.053362376,0.448188882,0.070465158,110,1
0.062220557,0.082666195,0.376582278,0.234906033,0.657274399,0.08282834,0.186734512,0.154662205,0.100827983,316,0
0.106959369,0.176736767,0.375494071,0.277442029,0.618056052,0.168591832,0.095444456,0.247416129,0.016639172,253,0
0.146912728,0.277349612,0.460144928,0.280507135,0.670692115,0.129026776,0.098236937,0.230533664,0.019765635,276,0
0.108120173,0.196495374,0.527638191,0.276702787,0.643311121,0.111756838,0.180240333,0.30522932,0.00730749,199,0
0.178682266,0.381633751,0.565683646,0.260566645,0.637256226,0.08219726,0.189064369,0.184149043,0.005055705,746,0
0.327993723,0.592481482,0.613402062,0.269116488,0.644795035,0.115622732,0.077154052,0.269937903,0.003913879,194,1
0.061177274,0.110594941,0.405555556,0.264515403,0.65372535,0.101780032,0.083423516,0.21254762,0.080700132,180,0
0.184269733,0.54879026,0.773684211,0.270839085,0.650335508,0.055594801,0.021185698,0.291156562,0.004293445,190,0
0.047888725,0.077888165,0.271065183,0.213576931,0.698622967,0.096849319,0.085845603,0.143321252,0.374454163,1258,0
0.043410415,0.041796438,0.340909091,0.321223432,0.610046251,0.128586541,0.181320779,0.387214617,0.021842153,88,0
0.058470402,0.097709625,0.279588336,0.230085765,0.671444748,0.110401971,0.116824861,0.187526427,0.288881689,583,1
0.087116828,0.148602942,0.353293413,0.266373245,0.629505355,0.133469046,0.105915284,0.220936135,0.151417944,334,0
0.188367396,0.375328919,0.585365854,0.260972392,0.669383207,0.085015232,0.077014256,0.211100239,0.036392627,451,0
0.389142636,0.678678674,0.855555556,0.253236993,0.669599868,0.015287409,0.020959847,0.307691254,0.0105406,180,0
0.200205916,0.475768122,0.6544,0.247457201,0.604969885,0.080037673,0.173733604,0.218469571,0.009569876,625,0
0.108907432,0.203323945,0.442906574,0.254044755,0.675429862,0.135404544,0.139763377,0.206802208,0.045560786,289,0
0.136591482,0.355922288,0.64375,0.268796242,0.649293593,0.114448021,0.028778632,0.258802571,0.004057668,160,0
0.084271527,0.269804143,0.672727273,0.308068009,0.596485544,0.063116516,0.041895409,0.472209934,0.005346654,55,0
0.069494716,0.072507162,0.302325581,0.31433507,0.596068694,0.177228893,0.086356206,0.410456904,0.056181839,86,0
0.362117917,0.696147696,0.807531381,0.219880422,0.690965616,0.032215641,0.043161168,0.195533204,0.004672649,478,1
0.362117917,0.696147696,0.807531381,0.219880422,0.690965616,0.032215641,0.043161168,0.195533204,0.004672649,478,1
0.065305671,0.12765327,0.425249169,0.283236875,0.622131953,0.087614052,0.164182185,0.283845062,0.058538928,301,0
0.050159931,0.072444464,0.278089888,0.22930152,0.66307664,0.112676336,0.124762855,0.166375177,0.250279589,712,0
0.06830246,0.114917168,0.266666667,0.308502371,0.63148539,0.093497008,0.085522744,0.32347409,0.054499953,150,1
0.06830246,0.114917168,0.266666667,0.308502371,0.63148539,0.093497008,0.085522744,0.32347409,0.054499953,150,1
0.096009448,0.197937334,0.398607485,0.219959695,0.603123967,0.093489239,0.131099507,0.140664621,0.171210996,1149,0
0.097153456,0.184970191,0.344262295,0.353311053,0.577679297,0.125509864,0.030425509,0.465754277,0.011344323,61,0
0.149069297,0.278414371,0.482014388,0.284697636,0.642072269,0.130178613,0.068538032,0.226873788,0.012200743,278,0
0.04399345,0.050563557,0.18487395,0.303772353,0.605898105,0.212154616,0.099013382,0.535149696,0.072226402,119,0
0.074469086,0.117030214,0.331858407,0.214251069,0.668806725,0.076902228,0.17020762,0.153653497,0.252133757,678,0
0.09656047,0.163581518,0.376725838,0.219047631,0.66139329,0.08291781,0.138566448,0.13869181,0.118933682,1014,0
0.189850826,0.410297707,0.589041096,0.270424218,0.63964989,0.074679846,0.058078819,0.242444223,0.016523043,292,1
0.113999774,0.175373897,0.422988506,0.252263884,0.650932018,0.16989645,0.140798482,0.173668383,0.029225739,435,1
0.113999774,0.175373897,0.422988506,0.252263884,0.650932018,0.16989645,0.140798482,0.173668383,0.029225739,435,1
0.182826205,0.303417191,0.460784314,0.280126461,0.64890231,0.198190548,0.175960692,0.320005972,0.020469669,102,1
0.182826205,0.303417191,0.460784314,0.280126461,0.64890231,0.198190548,0.175960692,0.320005972,0.020469669,102,1
0.081821106,0.118933824,0.351485149,0.305091175,0.647307234,0.161943136,0.063970879,0.282187047,0.028104312,202,0
0.112015932,0.227440386,0.468208092,0.27602009,0.629031216,0.130530626,0.111059517,0.237797791,0.007389543,173,0
0.156695742,0.306923336,0.539823009,0.258256586,0.654043412,0.142445856,0.139474113,0.220465612,0.029082327,452,0
0.049565853,0.083953006,0.351190476,0.2864959,0.629261296,0.15339692,0.118366311,0.251323711,0.025406547,336,0
0.196507956,0.411714044,0.653721683,0.257414893,0.669948839,0.092515392,0.042606345,0.253466488,0.006618221,309,0
0.100967564,0.163703132,0.421319797,0.300768188,0.610721009,0.179213459,0.074049591,0.258773128,0.016768326,197,0
0.141237723,0.300870949,0.513513514,0.248205924,0.651521721,0.098545025,0.076973649,0.205792566,0.065332807,407,1
0.173231014,0.282851377,0.472789116,0.249004298,0.660192638,0.139989331,0.198546973,0.186170208,0.029943028,588,0
0.170588764,0.352064157,0.56561086,0.272837183,0.650471959,0.127290036,0.19711048,0.286670519,0.006717513,221,0
0.099541835,0.175775867,0.404761905,0.244653205,0.650208986,0.088080863,0.122124926,0.174118402,0.098049129,336,0
0.190922616,0.353238347,0.527881041,0.24914298,0.656133671,0.112131677,0.123960871,0.174997743,0.017624398,538,1
0.190922616,0.353238347,0.527881041,0.24914298,0.656133671,0.112131677,0.123960871,0.174997743,0.017624398,538,1
0.045014844,0.068010565,0.285714286,0.258435339,0.618657323,0.099021569,0.137557747,0.251293523,0.139121344,378,0
0.101970913,0.133918359,0.240740741,0.309372387,0.644431435,0.157401615,0.163140111,0.381764039,0.023425736,162,0
0.094182582,0.136265743,0.35483871,0.277896179,0.648039112,0.18089969,0.119904,0.259685046,0.010311723,186,0
0.136799967,0.24144338,0.479452055,0.264867238,0.657446918,0.147374942,0.089619187,0.197900132,0.013175986,438,0
0.085322335,0.131405928,0.353204173,0.225505782,0.682498133,0.079558425,0.10985087,0.163542664,0.118451078,671,0
0.155060933,0.277729472,0.491666667,0.280501057,0.616096001,0.112857258,0.25554574,0.276796623,0.019304634,240,0
0.058423857,0.096351008,0.381818182,0.298648228,0.618833461,0.15338402,0.1778985,0.254141305,0.00785779,165,1
0.104516805,0.200417661,0.422131148,0.26828683,0.643536614,0.108830482,0.114510562,0.25871989,0.013371301,244,1
0.104516805,0.200417661,0.422131148,0.26828683,0.643536614,0.108830482,0.114510562,0.25871989,0.013371301,244,1
0.061615952,0.093756338,0.33557047,0.296852727,0.626489109,0.118352368,0.1373523,0.266163251,0.03220161,298,0
0.07153904,0.078162548,0.274509804,0.26775233,0.633111758,0.156807033,0.157443134,0.156328881,0.070265541,714,0
0.281698997,0.541876108,0.663265306,0.238405016,0.681001305,0.085393255,0.168892115,0.18398891,0.008419067,490,0
0.089401517,0.249765485,0.548076923,0.285175624,0.624537301,0.130069957,0.039878378,0.343589359,0.005643795,104,0
0.049736788,0.080731004,0.351648352,0.30638056,0.632865256,0.131581018,0.191029753,0.285213647,0.02323103,364,0
0.16918509,0.31943701,0.543568465,0.26611161,0.653283607,0.140156457,0.095809527,0.210960133,0.015540939,241,0
0.181229094,0.371038335,0.598890943,0.230801318,0.698269608,0.074954703,0.118799215,0.161527065,0.054416174,541,0